{"cameraMode":{"drawMode":0,"name":"Shaded","section":"Shading Mode"},"sceneLighting":false,"audioPlay":false,"sceneViewState":{"showFog":true,"showMaterialUpdate":true,"showSkybox":false,"showFlares":true,"showImageEffects":true,"showParticleSystems":true},"in2DMode":false,"pivot":{"x":39.75376510620117,"y":107.3243637084961,"z":301.9999694824219},"rotation":{"x":0.360267698764801,"y":-0.04475189000368118,"z":0.017306413501501085,"w":0.931614875793457},"size":34.41484451293945,"orthographic":false}