{"cameraMode":{"drawMode":0,"name":"Shaded","section":"Shading Mode"},"sceneLighting":true,"audioPlay":false,"sceneViewState":{"showFog":true,"showMaterialUpdate":true,"showSkybox":false,"showFlares":true,"showImageEffects":true,"showParticleSystems":true},"in2DMode":false,"pivot":{"x":64.28312683105469,"y":112.16584777832031,"z":-47.04539489746094},"rotation":{"x":0.37421563267707827,"y":-0.4332830011844635,"z":0.20419174432754517,"w":0.7940625548362732},"size":9.881932258605957,"orthographic":false}