{"cameraMode":{"drawMode":0,"name":"Shaded","section":"Shading Mode"},"sceneLighting":false,"audioPlay":false,"sceneViewState":{"showFog":true,"showMaterialUpdate":true,"showSkybox":false,"showFlares":true,"showImageEffects":true,"showParticleSystems":true},"in2DMode":false,"pivot":{"x":1.6279301643371583,"y":13.712654113769532,"z":-0.8252220153808594},"rotation":{"x":0.6226943135261536,"y":-0.06550221145153046,"z":0.052429988980293277,"w":0.777954638004303},"size":120.31327819824219,"orthographic":false}