{"cameraMode":{"drawMode":0,"name":"Shaded","section":"Shading Mode"},"sceneLighting":false,"audioPlay":false,"sceneViewState":{"showFog":true,"showMaterialUpdate":true,"showSkybox":false,"showFlares":true,"showImageEffects":true,"showParticleSystems":true},"in2DMode":false,"pivot":{"x":7.759549140930176,"y":47.71240234375,"z":-84.3110122680664},"rotation":{"x":0.6832997798919678,"y":-0.012045481242239476,"z":0.01127532310783863,"w":0.7299544215202332},"size":363.7208251953125,"orthographic":false}