{"cameraMode":{"drawMode":0,"name":"Shaded","section":"Shading Mode"},"sceneLighting":false,"audioPlay":false,"sceneViewState":{"showFog":true,"showMaterialUpdate":true,"showSkybox":false,"showFlares":true,"showImageEffects":true,"showParticleSystems":true},"in2DMode":false,"pivot":{"x":-1.1455206871032715,"y":10.549088478088379,"z":-394.296875},"rotation":{"x":0.39211180806159975,"y":-0.11815951764583588,"z":0.05086490139365196,"w":0.9108786582946777},"size":32.22291946411133,"orthographic":true}