{"cameraMode":{"drawMode":0,"name":"Shaded","section":"Shading Mode"},"sceneLighting":false,"audioPlay":false,"sceneViewState":{"showFog":true,"showMaterialUpdate":true,"showSkybox":false,"showFlares":true,"showImageEffects":true,"showParticleSystems":true},"in2DMode":false,"pivot":{"x":16.830856323242189,"y":-154.42123413085938,"z":-316.5460205078125},"rotation":{"x":0.47545862197875979,"y":-0.29997339844703677,"z":0.1765255630016327,"w":0.8079571723937988},"size":134.9076385498047,"orthographic":false}