{"cameraMode":{"drawMode":0,"name":"Shaded","section":"Shading Mode"},"sceneLighting":false,"audioPlay":false,"sceneViewState":{"showFog":true,"showMaterialUpdate":true,"showSkybox":false,"showFlares":true,"showImageEffects":true,"showParticleSystems":true},"in2DMode":false,"pivot":{"x":6.320010662078857,"y":6.347722053527832,"z":-0.00562286376953125},"rotation":{"x":0.45090150833129885,"y":0.07348964363336563,"z":-0.037284005433321,"w":0.8887613415718079},"size":3.4797701835632326,"orthographic":true}