{"cameraMode":{"drawMode":0,"name":"Shaded","section":"Shading Mode"},"sceneLighting":true,"audioPlay":false,"sceneViewState":{"showFog":true,"showMaterialUpdate":true,"showSkybox":false,"showFlares":true,"showImageEffects":true,"showParticleSystems":true},"in2DMode":false,"pivot":{"x":-0.06338143348693848,"y":1.6951072216033936,"z":14.205989837646485},"rotation":{"x":0.38877958059310915,"y":0.14147381484508515,"z":-0.06054895743727684,"w":0.9083909392356873},"size":1.3452785015106202,"orthographic":false}