{"cameraMode":{"drawMode":0,"name":"Shaded","section":"Shading Mode"},"sceneLighting":false,"audioPlay":false,"sceneViewState":{"showFog":true,"showMaterialUpdate":true,"showSkybox":false,"showFlares":true,"showImageEffects":true,"showParticleSystems":true},"in2DMode":false,"pivot":{"x":9.5367431640625e-7,"y":13.066543579101563,"z":-230.4849853515625},"rotation":{"x":0.6154574751853943,"y":0.34352734684944155,"z":-0.3394298255443573,"w":0.622887909412384},"size":152.46023559570313,"orthographic":false}