{"cameraMode":{"drawMode":0,"name":"Shaded","section":"Shading Mode"},"sceneLighting":false,"audioPlay":false,"sceneViewState":{"showFog":true,"showMaterialUpdate":true,"showSkybox":false,"showFlares":true,"showImageEffects":true,"showParticleSystems":true},"in2DMode":false,"pivot":{"x":-0.24460816383361817,"y":2.997035026550293,"z":-2.384185791015625e-7},"rotation":{"x":0.44498899579048159,"y":0.14002683758735658,"z":-0.07067097723484039,"w":0.8816949725151062},"size":4.281877040863037,"orthographic":true}