{"cameraMode":{"drawMode":0,"name":"Shaded","section":"Shading Mode"},"sceneLighting":false,"audioPlay":false,"sceneViewState":{"showFog":true,"showMaterialUpdate":true,"showSkybox":false,"showFlares":true,"showImageEffects":true,"showParticleSystems":true},"in2DMode":false,"pivot":{"x":-331.5777587890625,"y":-26.4375,"z":17.983509063720704},"rotation":{"x":0.1893896907567978,"y":0.6807118058204651,"z":-0.18905147910118104,"w":0.6819360852241516},"size":141.92747497558595,"orthographic":true}