{"cameraMode":{"drawMode":0,"name":"Shaded","section":"Shading Mode"},"sceneLighting":false,"audioPlay":false,"sceneViewState":{"showFog":true,"showMaterialUpdate":true,"showSkybox":false,"showFlares":true,"showImageEffects":true,"showParticleSystems":true},"in2DMode":false,"pivot":{"x":101.47309112548828,"y":28.385513305664064,"z":21.276540756225587},"rotation":{"x":0.27641791105270388,"y":0.5753782391548157,"z":-0.21519340574741364,"w":0.7390751838684082},"size":145.70948791503907,"orthographic":false}