{"cameraMode":{"drawMode":0,"name":"Shaded","section":"Shading Mode"},"sceneLighting":false,"audioPlay":false,"sceneViewState":{"showFog":true,"showMaterialUpdate":true,"showSkybox":false,"showFlares":true,"showImageEffects":true,"showParticleSystems":true},"in2DMode":false,"pivot":{"x":-75.34686279296875,"y":27.25,"z":-1.5886892080307007},"rotation":{"x":0.0947796180844307,"y":-0.46440166234970095,"z":0.05006846785545349,"w":0.8791136145591736},"size":167.51998901367188,"orthographic":true}