{"cameraMode":{"drawMode":0,"name":"Shaded","section":"Shading Mode"},"sceneLighting":false,"audioPlay":false,"sceneViewState":{"showFog":true,"showMaterialUpdate":true,"showSkybox":false,"showFlares":true,"showImageEffects":true,"showParticleSystems":true},"in2DMode":false,"pivot":{"x":0.0,"y":20.709983825683595,"z":-230.4849853515625},"rotation":{"x":0.13378380239009858,"y":0.21230460703372956,"z":-0.029354853555560113,"w":0.9675583243370056},"size":153.70150756835938,"orthographic":true}