{"cameraMode":{"drawMode":0,"name":"Shaded","section":"Shading Mode"},"sceneLighting":false,"audioPlay":false,"sceneViewState":{"showFog":true,"showMaterialUpdate":true,"showSkybox":false,"showFlares":true,"showImageEffects":true,"showParticleSystems":true},"in2DMode":false,"pivot":{"x":400.37158203125,"y":-283.888916015625,"z":-103.38580322265625},"rotation":{"x":0.5716099739074707,"y":-0.17263364791870118,"z":0.12452767044305802,"w":0.7924402952194214},"size":243.93028259277345,"orthographic":false}